<?xml version='1.0' encoding='UTF-8'?>
<types:mule xmlns:types="http://www.mulesoft.org/schema/mule/types">
  <types:catalog>
    <types:type name="register-covid-case-meta-data" format="json">
      <types:shape format="weave" example="examples/register-covid-case-request-payload.json"><![CDATA[%dw 2.0

type register_covid_case_meta_data = {|
  source: String, 
  caseType: String, 
  firstName: String, 
  lastName: String, 
  phone: String, 
  email: String, 
  dateOfBirth: String, 
  nationalID: String, 
  nationalIDType: String, 
  address: {|
    streetAddress: String, 
    city: String, 
    state: String, 
    postal: String, 
    country: String
  |}
|} {"example": "{\\\"source\\\":\\\"Hospital1\\\",\\\"caseType\\\":\\\"positive\\\",\\\"firstName\\\":\\\"John\\\",\\\"lastName\\\":\\\"Nixon\\\",\\\"phone\\\":\\\"541-754-3010\\\",\\\"email\\\":\\\"john@gmail.com\\\",\\\"dateOfBirth\\\":\\\"1989-04-26\\\",\\\"nationalID\\\":\\\"209-49-6193\\\",\\\"nationalIDType\\\":\\\"SSN\\\",\\\"address\\\":{\\\"streetAddress\\\":\\\"1600 Pennsylvania Avenue NW\\\",\\\"city\\\":\\\"Dallas\\\",\\\"state\\\":\\\"TX\\\",\\\"postal\\\":\\\"20500\\\",\\\"country\\\":\\\"USA\\\"}}"}

]]></types:shape>
    </types:type>
    <types:type name="who-case-meta-data" format="xml">
      <types:example format="xml" element="COVID_CASE" location="examples/who-covid-case-request-payload.xml"/>
    </types:type>
    <types:type name="update-covid-case-meta-data" format="xml">
      <types:example format="xml" element="covidCase" location="examples/update-covid-case-payload.xml"/>
    </types:type>
  </types:catalog>
  <types:enrichment select="#0bdba106-1dad-465c-8a67-276ae67f7137">
    <types:processor-declaration>
      <types:input-event>
        <types:message>
          <types:payload type="register-covid-case-meta-data"/>
        </types:message>
      </types:input-event>
      <types:output-event>
        <types:message>
          <types:payload type="who-case-meta-data"/>
        </types:message>
      </types:output-event>
    </types:processor-declaration>
  </types:enrichment>
  <types:enrichment select="#a2b63716-0163-4a94-ae4d-1ea365f04458">
    <types:processor-declaration>
      <types:input-event>
        <types:message>
          <types:payload type="update-covid-case-meta-data"/>
        </types:message>
      </types:input-event>
      <types:output-event>
        <types:message>
          <types:payload type="register-covid-case-meta-data"/>
        </types:message>
      </types:output-event>
    </types:processor-declaration>
  </types:enrichment>
</types:mule>