<?xml version='1.0' encoding='UTF-8'?>
<types:mule xmlns:types="http://www.mulesoft.org/schema/mule/types">
  <types:catalog>
    <types:type name="covid-register-case-meta-data" format="json">
      <types:shape format="weave" example="examples/register-covid-case-request-payload.json"><![CDATA[%dw 2.0

type covid_register_case_meta_data = {|
  source: String, 
  caseType: String, 
  firstName: String, 
  lastName: String, 
  phone: String, 
  email: String, 
  dateOfBirth: String, 
  nationalID: String, 
  nationalIDType: String, 
  address: {|
    streetAddress: String, 
    city: String, 
    state: String, 
    postal: String, 
    country: String
  |}
|} {"example": "{\\\"source\\\":\\\"Hospital1\\\",\\\"caseType\\\":\\\"positive\\\",\\\"firstName\\\":\\\"John\\\",\\\"lastName\\\":\\\"Nixon\\\",\\\"phone\\\":\\\"541-754-3010\\\",\\\"email\\\":\\\"john@gmail.com\\\",\\\"dateOfBirth\\\":\\\"1989-04-26\\\",\\\"nationalID\\\":\\\"209-49-6193\\\",\\\"nationalIDType\\\":\\\"SSN\\\",\\\"address\\\":{\\\"streetAddress\\\":\\\"1600 Pennsylvania Avenue NW\\\",\\\"city\\\":\\\"Dallas\\\",\\\"state\\\":\\\"TX\\\",\\\"postal\\\":\\\"20500\\\",\\\"country\\\":\\\"USA\\\"}}"}

]]></types:shape>
    </types:type>
    <types:type name="update-covid-case-meta-data" format="xml">
      <types:example format="xml" element="covidCase" location="examples/update-covid-case-payload.xml"/>
    </types:type>
  </types:catalog>
  <types:enrichment select="#8fca8363-576e-41d3-8294-74577b486278">
    <types:processor-declaration>
      <types:input-event>
        <types:message>
          <types:payload type="covid-register-case-meta-data"/>
        </types:message>
      </types:input-event>
    </types:processor-declaration>
  </types:enrichment>
  <types:enrichment select="#4fd24dd1-c05e-4877-a808-28fbf0b5d4fc">
    <types:processor-declaration>
      <types:input-event>
        <types:message>
          <types:payload type="update-covid-case-meta-data"/>
        </types:message>
      </types:input-event>
    </types:processor-declaration>
  </types:enrichment>
  <types:enrichment select="#7131963e-07de-477f-93a4-0bd3b00cd0f2">
    <types:processor-declaration>
      <types:input-event>
        <types:message>
          <types:payload type="covid-register-case-meta-data"/>
        </types:message>
      </types:input-event>
    </types:processor-declaration>
  </types:enrichment>
</types:mule>